,Unnamed: 0,X,Y,class,ID,X_utm,Y_utm,B1,B2,B3,B4,B5,B6,B7,NDVI,NDWI,NDBI
0,89,75.782940196217,26.830149137518,2.0,90,577797.3708399113,2967862.8451970844,9118,9588,10682,11190,12245,11641,11333,0.0450181352677617,2.7902909233654523,2.718412459181099
1,136,75.8968992508945,26.8864219498841,4.0,137,589077.4197388667,2974170.8379830853,8851,9787,10831,11626,14722,15425,13833,0.1175041748899342,2.41243689586349,0.023319069890868
2,191,75.7548074358156,26.8970044788047,3.0,192,574957.7582407291,2975250.9959747097,8272,8692,9588,10238,13723,14658,12711,0.14544468093986,2.6339925357127427,0.0329445755963495
3,112,75.9468961219307,26.9162467091978,3.0,113,594018.5204388212,2977510.5626088167,7568,7921,9158,8732,18418,12136,9780,0.3567587476979729,2.040760081230048,1.9393205472278527
4,157,75.8698772382174,26.8903551510257,4.0,158,586390.5559657397,2974587.7846607203,9273,9948,11365,12007,14417,14674,14102,0.0912049651831664,2.423551314870831,0.0088343473926643
5,154,75.8705609324093,26.8911286548499,4.0,155,586457.8703049709,2974673.9283720995,8344,8870,10117,10942,15947,14992,12808,0.1861355944810138,2.2907458563535825,2.0873654610685475
6,88,75.7811830802976,26.8331684071259,2.0,89,577620.7091956206,2968196.191909277,7959,8202,9043,8845,13767,10844,9820,0.217672032549088,2.666023673827257,2.5441062939335968
7,277,75.8440427016502,27.0118691174032,2.0,278,583734.8537358531,2988029.989071657,7900,8070,8431,8345,8423,8237,7961,0.0046517175572518,0.0004746647680075,3.922569027611021
8,244,75.7569751875868,26.9333077118061,1.0,245,575148.9892037174,2979273.3581228694,7867,8070,8862,8561,15700,12022,9836,0.2942582745970888,2.3897891051217237,2.231368588124947
9,187,75.7559450168387,26.8933440366416,3.0,188,575073.1519908512,2974846.2272006464,8807,9108,10171,10815,15265,15319,13303,0.1706288343558275,2.376238402264498,0.0017656290871043
10,8,75.8543916489155,26.9573515339803,2.0,9,584802.4482515865,2981998.192711276,7650,7870,8314,8167,8263,7935,7735,0.0058429701765063,0.0030765518489473,4.025682182985529
11,3,75.7805687473377,26.9521859838651,4.0,4,577478.4248655158,2981378.635184518,9411,10435,11441,12021,14159,14605,13266,0.081665393430099,2.4538281249999905,0.0155054929773327
12,205,75.7511791027943,26.8984310421038,4.0,206,574596.4893504687,2975406.8643365954,9035,9866,11487,12431,14183,14624,13931,0.0658300142781992,2.447993767043232,0.0153087791161869
13,234,75.7496699731306,26.8946788595357,3.0,235,574449.0789548256,2974990.372439676,7699,8190,9177,9413,14051,12809,11046,0.1976645073303776,2.611589460995339,2.393670886075941
14,238,75.7501974804599,26.8938119127076,3.0,239,574502.0358027559,2974894.656840388,7724,8144,9144,9153,14918,13089,11060,0.2394998130530504,2.4836671930845213,2.274681329667575
15,246,75.7581727646297,26.9307293988785,3.0,247,575269.594966509,2978988.486252773,8816,9127,10644,10200,20729,16741,12745,0.3404248439975417,1.7674752175437425,1.6425940752602035
16,69,75.7811569246501,26.8369394029278,3.0,70,577615.5393444219,2968613.86178899,8950,9350,10579,11103,16101,14790,13057,0.1837229819144236,2.2494002998500666,2.07908452300022
17,245,75.7538192198504,26.9306166857451,3.0,246,574837.4449014427,2978973.4185862155,8733,9146,10480,10485,18942,16365,12813,0.2873891324294006,1.93984093535449,1.7831874699068122
18,117,75.9034572788007,26.8930645399759,1.0,118,589723.5283018737,2974911.237091326,7877,8211,9019,8946,13611,12311,10385,0.2068094161457631,2.6930623066725468,2.4780495332150205
19,282,75.8524160061717,26.9830664884969,2.0,283,584587.1275316657,2984845.2111047697,7851,8054,8631,8437,8396,8163,7935,3.890869126121287,0.0138016092089034,3.943656017875452
20,44,75.7749135215699,26.8423783055685,4.0,45,576991.494976236,2969212.4861430232,9014,10175,11447,12162,13929,14926,13592,0.0677245027020809,2.484788776796964,0.034552070698319
21,72,75.7805677152863,26.8371455479222,2.0,73,577556.8530590521,2968636.334744031,9166,9729,10578,11070,12595,12984,12465,0.0644411578280158,2.741077978682075,0.0152077876382969
22,128,75.901894003993,26.8971169125357,4.0,129,589565.0733523585,2975358.994534546,9269,10111,11153,11760,13612,14285,13128,0.072993851489831,2.5470220068645166,0.0241244578270064
23,220,75.7477204895225,26.898921853271,4.0,221,574252.6961599039,2975459.1954808254,8940,9744,10754,11296,12666,13695,12936,0.0571738586094647,2.716652433817239,0.0390349379765561
24,94,75.6908543451517,26.8015643055647,2.0,95,568664.1398279291,2964643.6367464387,7170,7475,8148,7965,8398,7914,7747,0.0264621401943407,3.945727063942924,3.987984306032344
25,39,75.7777257660816,26.845933407121,4.0,40,577268.5018304783,2969607.9688943,8798,9345,10869,11215,14124,13861,12476,0.1148032676901215,2.491937742567909,2.332428086474889
26,227,75.7474269202262,26.8948990365079,4.0,228,574226.1718558872,2975013.443371116,8345,8987,10619,11112,14456,14724,13550,0.1307884856070082,2.460578265204377,0.0091843728581219
27,213,75.749514014442,26.9001144785372,4.0,214,574430.027076294,2975592.3474654667,8889,9758,10425,11146,13330,13376,12093,0.0892302663833956,2.636539675857703,0.0017224593724256
28,35,75.7810473982785,26.8429513667142,3.0,36,577600.5576963796,2969279.6969054025,8782,9123,10543,10636,19030,15836,13118,0.2829501786556992,1.929090724647476,1.7880456605288768
29,199,75.7477525986643,26.8982062781113,4.0,200,574256.3528790363,2975379.9549021684,9439,10088,11721,12137,13186,13643,13144,0.0414247916913476,2.5724093628297164,0.0170338067017033
30,303,75.8486602257065,26.8815934305185,1.0,304,584289.82826995,2973603.001539362,8344,8562,9352,9313,14714,13643,11123,0.2247887792899645,2.5003739715781497,2.27333638960397
31,287,75.8183510161166,26.9857327660326,1.0,288,581204.7299853492,2985118.178106367,8371,8609,9259,9553,13172,13940,11846,0.1592519251925185,2.747224822789877,0.0283269401003244
32,247,75.754763192343,26.9295459109774,3.0,248,574931.871189115,2978855.374326036,8785,9235,10812,10747,19519,17279,13610,0.2898301724707583,1.873627641686717,1.7200934833414812
33,36,75.7794237250321,26.8457423867391,2.0,37,577437.3333969783,2969587.8462361,8529,9071,10390,10726,12243,11878,11348,0.0660455396403845,2.813723324349389,2.7018365739397097
34,172,75.7591926271789,26.89475683888,2.0,173,575394.7464730593,2975004.642969049,10243,10634,11748,12124,14007,13371,12391,0.0720600053576209,2.4568821588041065,2.370516473080567
35,189,75.7553211820841,26.8957384612144,3.0,190,575009.6149833909,2975111.07187966,8432,8827,9792,10207,14762,14347,12305,0.1824262084985374,2.466644945833663,2.2371431516025897
36,71,75.7804925636934,26.8362270284535,2.0,72,577550.0114525377,2968534.551058155,8278,8816,9498,9744,12245,10321,9833,0.1137386875255804,2.8877799751644075,2.8189311353363347
37,101,75.9257638405039,26.9202737319743,2.0,102,591916.896411055,2977941.097123109,7231,7545,8162,7964,8128,7930,7773,0.0101913994531443,0.0020871700429711,4.068875326939818
38,73,75.7804508128085,26.8377217101343,2.0,74,577544.8447814789,2968700.0806303723,8612,9161,10347,10876,12005,10855,10662,0.0493422490275772,2.857820329277009,2.816535433070854
39,15,75.8113995191402,26.8997674684201,3.0,16,580576.0103144805,2975591.788985176,8081,8256,8904,8675,15108,11736,9776,0.2704873228776846,2.4709312010661235,2.315750260765898
40,57,75.7840754982596,26.8405897202572,3.0,58,577903.0406037032,2969019.969754966,8275,8510,9737,9456,19072,12933,10787,0.3370723499719562,1.9508139817418104,1.855866270895167
41,0,75.7591352470284,26.9226934874396,1.0,1,575370.4921035261,2978098.9710664004,8133,8455,9362,9095,15685,12869,10335,0.2659402744148496,2.364075537988572,2.196539889332485
42,264,75.772975783505,26.9885506339448,4.0,265,576700.0815075208,2985401.923483235,9173,9927,11165,11923,13442,13979,13662,0.0598856692292526,2.570772544397925,0.0195835308705006
43,180,75.7529818017543,26.8967843018324,4.0,181,574776.5985477827,2975225.5291745714,8735,9373,10261,10807,12330,12345,12016,0.0658253014651853,2.8093931211544296,0.0006079027355623
44,76,75.7797410477645,26.839349994647,4.0,77,577473.2124151232,2968880.0004306408,9157,9521,10329,10812,11904,11968,11436,0.0480718436344424,2.8768497278819645,0.002680965147453
45,173,75.7570275536188,26.8912890515676,2.0,174,575182.0231795824,2974619.252467366,8486,8969,10202,10543,11532,12077,11633,0.0448018120045298,2.954173184871616,0.0230844169596339
46,56,75.782994731875,26.8404460013231,3.0,57,577795.7536167669,2969003.387940293,8100,8315,9437,8719,21804,13142,10207,0.4286931166661192,1.7018981466662346,1.627482401419328
47,33,75.781928214484,26.8421342239693,3.0,34,577688.6317472071,2969189.726858105,8551,8915,10084,10077,17147,13776,11715,0.2596973258889206,2.147295361903705,2.0103159460595608
48,269,75.7845856402585,26.9747888357793,4.0,270,577861.6063321097,2983884.703741154,9099,9729,10628,11220,14026,14552,13420,0.1111463202091416,2.52040236878396,0.0184057666736649
49,278,75.851429167903,26.9811387114138,2.0,279,584490.6369134855,2984631.0179050914,7904,8083,8645,8421,8411,8198,7950,3.892942015209103,0.0137195121951218,3.932988138960781
50,123,75.9041250855147,26.890818281029,1.0,124,589791.6283380258,2974662.901894161,7810,8159,8978,8803,14084,11899,9923,0.2307423428146973,2.6203278119850726,2.438171111880836
51,108,75.9211615287593,26.9243391073486,2.0,109,591456.6420324092,2978388.069529544,7566,7845,8392,8193,8474,8164,7931,0.0168596628067437,3.880825329064368,3.920302921024138
52,87,75.7775011112585,26.8352836832151,4.0,88,577253.4089200238,2968428.2390479343,10156,10887,12897,13180,13815,14157,13016,0.0235228746064085,2.4190625935908865,0.0122265122265121
53,97,75.6841556142015,26.8061021555632,2.0,98,567995.6262432701,2965142.65031835,7357,7872,9285,8987,11977,10123,9029,0.1426254531577936,2.955695607186516,2.8815384615384487
54,141,75.8908119714178,26.8918550739544,3.0,142,588468.5877795771,2974768.374471796,8534,8864,9626,10132,13648,15488,13235,0.1478553406223711,2.643035146515414,0.0631521142229542
55,6,75.8275409354201,26.93224340191,4.0,7,582155.4779495583,2979199.3509801663,9105,9993,10838,11606,13208,13827,12878,0.0645603288466186,2.626881809864416,0.0228962456075456
56,55,75.7849723044085,26.8405782227425,3.0,56,577992.1553753605,2969019.2471781154,8054,8264,9278,9047,18478,11831,10122,0.3426339691189815,2.0296872748234542,1.9429542380151048
57,25,75.8086804141524,26.8948850940452,4.0,26,580309.4322369525,2975049.2695909617,8397,8921,9760,10065,11455,11226,10833,0.0645910780669142,3.0092387461701486,2.8793703981305816
58,90,75.7675221227274,26.8287632432717,3.0,91,576266.2166675777,2967699.9833297096,8031,8252,9224,8650,21656,12096,9741,0.4291559427176122,1.7196891191709789,1.6584498696373495
59,194,75.7557064917855,26.894288962814,4.0,195,575048.8386983961,2974950.748948385,9200,9765,10893,11300,13260,13948,12720,0.079804560260586,2.6153686912598744,0.025286680388121
60,119,75.9088604422137,26.8927761688949,1.0,120,590260.379457123,2974883.134620683,7949,8329,9246,9338,14016,13237,11046,0.200308298364305,2.6122431433238646,2.376142076101705
61,206,75.7509956219842,26.8966742133463,4.0,207,574579.421952583,2975212.164203008,9738,10583,12250,12693,15445,14889,13329,0.0978036818537206,2.2509839321177028,2.142150721962148
62,221,75.7478397520491,26.8973439183035,4.0,222,574265.572079309,2975284.4882729505,8445,9263,10458,10947,12634,13007,12384,0.0715406471311646,2.7438073791789246,0.0145470145470144
63,302,75.8447744296053,26.876852759275,1.0,303,583907.3707608676,2973075.324493302,8096,8302,8826,8843,13106,12228,10290,0.1942229714337774,2.792996534743741,2.5522223099392023
64,217,75.7491287047406,26.8986970892785,4.0,218,574392.6915693405,2975435.126400181,8203,9147,10798,11486,13589,14966,13680,0.083868394815553,2.572887193996791,0.0482227280686393
65,177,75.7576055181708,26.8957751573765,4.0,178,575236.4519134391,2975116.491481208,9285,9936,11660,12076,14028,14519,13642,0.0747778118296043,2.459047025848636,0.0171997057484148
66,156,75.8764093002982,26.8929803007386,4.0,157,587037.2960280918,2974883.0317680323,8914,9541,10972,11056,18166,16245,13669,0.243309835055779,2.002265083396245,1.8486821074656303
67,186,75.7549175243017,26.8929403788592,3.0,187,574971.3743280084,2974800.9081415846,8223,8599,9982,9790,18036,12034,10024,0.296341551067346,2.051609679491748,1.9798470236115664
68,109,75.9407213536735,26.9132935591618,2.0,110,593407.8183500576,2977178.8793123034,7451,7728,8237,8138,8329,7992,7790,0.0115989554867309,3.950501026198214,3.99479198578516
69,285,75.8238522749988,26.9673556379496,1.0,286,581763.918636967,2983086.1744457823,8041,8086,8242,8197,9719,9221,8459,0.0849519982138865,3.5665608819107875,3.4338965153114924
70,159,75.8701539529314,26.8897463786548,4.0,160,586418.5019346178,2974520.5427041305,9333,10013,11660,12345,14844,14881,14074,0.0919121703630141,2.3525505584062696,0.0012447434819175
71,223,75.7483030410948,26.8961421189968,4.0,224,574312.3679160416,2975151.6449128613,9435,10421,12153,12793,14987,16273,14831,0.0789776817854568,2.3103168754605665,0.0411388355726166
72,253,75.7567074938949,26.9264603889494,1.0,254,575126.949719992,2978514.763360743,8137,8394,9203,8940,14588,11957,9900,0.2400544032641948,2.528309024420989,2.3697494820116694
73,31,75.8125434546384,26.875142773008,1.0,32,580707.1074301867,2972864.98615482,8076,8320,9045,8747,15171,11791,9625,0.2685843297934598,2.453336636934248,2.3053185965432745
74,224,75.7468351946134,26.8968760422375,4.0,225,574166.1149411293,2975232.076118492,8364,9268,11209,11979,15063,15091,13828,0.1140448191701793,2.3478227771010878,0.0009285666909862
75,38,75.778458010879,26.8443203461181,1.0,39,577342.3506574081,2969429.7478369386,8075,8344,9318,8941,16327,12482,10125,0.2923064745923686,2.282199259114829,2.1413794300392164
76,106,75.9348534061993,26.9345025457844,2.0,107,592807.7784899165,2979523.812871133,7583,7839,8362,8217,8433,8160,7936,0.0129729729729728,3.897886275677262,3.933164587476624
77,260,75.7734274255297,26.9857876474406,4.0,261,576746.7730353752,2985096.155833247,8787,9554,10844,11509,12910,13586,13367,0.057373356812318,2.671971036457007,0.0255132850241544
78,105,75.9333576548823,26.9223447722593,2.0,106,592669.2155670571,2978176.0383988526,7443,7658,8171,8039,8123,7895,7757,0.0051973765623066,0.0029458696452681,4.077163191409639
79,208,75.7495874067661,26.8964723844551,4.0,209,574439.7033252735,2975188.980464112,9120,9852,11262,11849,14318,14653,13650,0.0943554859173765,2.442533229085213,0.0115632874253563
80,103,75.9338178860568,26.9143290793043,2.0,104,592721.4641841768,2977288.504038017,7386,7664,8181,8067,8261,7901,7732,0.0118814306712395,3.981024206300913,4.032669224105902
81,272,75.8228172790915,27.0149601983583,2.0,273,581626.8253194962,2988358.463386413,8006,8403,9425,8977,8452,8272,8033,3.730047621779771,0.0544274766459693,3.9079167663238232
82,193,75.7557248398665,26.8960595526322,4.0,194,575049.4906891474,2975146.8761658086,8696,9268,9989,10483,12300,12028,11061,0.0797524469999557,2.836601013953058,2.682670174284764
83,188,75.7554037484487,26.8949678418117,3.0,189,575018.3238874845,2975025.7644497007,8451,8832,9876,9970,16009,13554,11647,0.2324569844874697,2.294881205331264,2.1337820924804585
84,219,75.7488351354443,26.8993989033775,4.0,220,574363.0778282342,2975512.689175622,8862,9804,11578,12320,14105,14494,13557,0.0675496688741719,2.4533348907837778,0.0136018741914052
85,92,75.7657402586965,26.8271051197985,3.0,93,576090.2600693335,2967515.2562599243,9003,9473,10498,10571,18805,14336,12379,0.2802968409586047,1.953008224413876,1.8426420445973208
86,34,75.7818963777537,26.8437260604854,3.0,35,577684.3819377698,2969366.0237704106,8507,8764,10075,10182,17420,14184,11759,0.2622273748279101,2.1164211674849898,1.9712694595620743
87,9,75.8545665977647,26.9521030685021,2.0,10,584823.744193054,2981416.959660671,7725,7892,8367,8170,8264,8010,7817,0.005719849093343,0.0061932535626239,4.011429273688067
88,258,75.7704253344241,26.9812446600153,4.0,259,576451.9368389894,2984591.131053444,8720,9395,10569,11186,12794,13655,12850,0.0670558798999163,2.7098831485682378,0.0325532156225186
89,273,75.8209626305185,27.0157432722003,2.0,274,581442.264602481,2988444.0025293385,8126,8545,9517,9276,9376,8797,8447,0.0053613553506326,0.0074630815646006,3.574368568755827
90,98,75.6864245392007,26.8029688781833,2.0,99,568223.0075192269,2964796.82216522,8065,8378,9443,9335,14287,12503,10771,0.2096350859368376,2.5576064053940053,2.3796939156401558
91,230,75.7472159172945,26.8943807032191,4.0,231,574205.5553828753,2974955.907497803,10792,11505,13208,13874,14547,14569,13387,0.0236796734808767,2.3129886506935606,0.0007555982964692
92,116,75.9172495637765,26.9315877483462,3.0,117,591062.4049899182,2979188.154201599,7757,8087,9261,8718,19346,12380,9959,0.3787058152793601,1.9383717271996297,1.8461199016579404
93,120,75.90031555176,26.892685104343,1.0,121,589411.8027030899,2974866.986848648,7779,8196,8969,8883,13976,12014,10045,0.2228006474473939,2.6380039224231746,2.4460946517891404
94,210,75.7482755189733,26.8997291688358,4.0,211,574307.2870724396,2975548.941937244,8242,9123,10575,11264,13576,14686,13838,0.0930756843800318,2.5893337749989542,0.0392753520628404
95,241,75.7568061178867,26.9183450433414,1.0,242,575142.1178714256,2977615.9360512425,8069,8296,9319,8859,15134,11864,9850,0.2615346142624921,2.44227702122438,2.306318986591591
96,104,75.9392256023566,26.9320096269228,2.0,105,593243.9027551645,2979250.895704253,7477,7669,8145,7978,8108,7864,7712,0.0080815616063657,0.0022765027994831,4.087903831705459
97,271,75.8219105620114,27.0161966307404,2.0,272,581535.9791813601,2988494.8317964133,8055,8406,9415,8951,8455,8144,7935,3.7366425370561664,0.0537213206491323,3.9294535815410336
98,237,75.7486424805936,26.893009184163,3.0,238,574348.1292197013,2974804.830344424,7945,8463,9463,9459,15965,13424,11406,0.2558999370673369,2.321613968853224,2.143489060532845
99,249,75.7538896655588,26.9284751362097,3.0,250,574845.8524524678,2978736.2541285367,9456,10011,11586,12085,20565,18791,14858,0.2597243491577327,1.7591054710584375,1.6201341599756032
100,168,75.8648210366534,26.8933532945682,4.0,169,585886.11672357,2974916.435556454,8473,9351,10836,11407,13409,14783,13876,0.0806737588652479,2.5969478242936583,0.0487372304199771
101,236,75.748234235791,26.8936146708366,3.0,237,574307.1886311797,2974871.6563770445,8162,8493,9605,9883,14484,12728,11297,0.1888209463618821,2.518037278425828,2.343818903424951
102,274,75.8213335602331,27.0171033478206,2.0,275,581478.0825295628,2988594.892500195,8291,8706,9652,9400,9837,10534,9855,0.0227166398087018,3.353224896095216,0.0342153060723576
103,275,75.8226936358533,27.0162790595658,2.0,276,581613.6060434798,2988504.4686158434,7988,8368,9413,8958,8484,8242,8028,3.730191491801378,0.0519081410292224,3.903742676073157
104,181,75.7521836602301,26.8969219124401,4.0,182,574697.2440200282,2975240.300352204,8981,9848,11481,12171,13706,14398,13794,0.0593190864474241,2.5136379878508657,0.0246228294904639
105,192,75.7548991762207,26.896343947888,3.0,193,574967.3051313865,2975177.8876975123,8278,8615,9465,9759,13925,13377,11639,0.1758993413274777,2.611201368106017,2.380338436744552
106,158,75.8691301084895,26.8909500876609,4.0,159,586315.900353286,2974653.173503505,8979,9927,11335,12653,14646,15047,13870,0.0730063372284696,2.395019437281081,0.0135048664668439
107,16,75.8106302347825,26.9045090574612,3.0,17,580496.2511811216,2976116.4982785718,8571,8732,9562,9473,15104,13166,11207,0.2291166537819903,2.432254925808796,2.2496639547223127
108,201,75.7505231588979,26.8969953047641,4.0,202,574532.290509688,2975247.451179615,9571,10405,11490,12240,14506,14824,13261,0.0847229492260521,2.404985382366509,0.0108421411524036
109,293,75.8122114582766,26.9894631302898,1.0,294,580592.8209633022,2985527.440031012,8649,8853,9309,9881,16010,15612,12490,0.2367231856629708,2.3237489632291863,2.059895009803295
110,300,75.8634262508914,26.9457867821115,1.0,301,585707.9655839768,2980723.3072080505,8138,8419,9406,9218,15061,13214,10708,0.240660653239424,2.447418972493553,2.2524845269672777
111,167,75.8640423058713,26.8945846626174,4.0,168,585807.8463442406,2975052.300233375,8888,9517,10985,11472,14476,14772,13686,0.1157700015415442,2.436864223714692,0.0101203501094091
112,214,75.7497204303534,26.8992154225673,4.0,215,574451.1153466909,2975492.886438164,8732,9429,10873,11582,14674,14676,13670,0.1177635588056058,2.416526402317288,6.814310051107303e-05
113,279,75.8529209001697,26.9858204557584,2.0,280,584635.1708431023,2985150.5960054696,7530,7801,8515,8409,8625,8257,8155,0.0126805213103204,3.81715285880978,3.860206136713637
114,144,75.874770138364,26.8933647955133,1.0,145,586874.2071476303,2974924.495018165,7792,8173,9068,8881,15010,12106,10072,0.2565401197103501,2.4750394551042345,2.30978020356984
115,218,75.7502479376827,26.8992521187293,4.0,219,574503.4772518729,2975497.2612763927,10194,11089,12059,12834,14911,14787,13424,0.0748603351955304,2.3242120875046264,2.2025725638090035
116,50,75.7842735202844,26.8444264685525,4.0,51,577920.08932924,2969445.0607794933,10039,10448,11688,12286,14958,16203,15045,0.0980766407282333,2.336786009157088,0.0399537883893326
117,30,75.8108975488682,26.8726376076077,1.0,31,580545.3941468655,2972586.4573584814,8067,8322,9096,8923,15618,12098,9985,0.2728087689988172,2.3878773165007594,2.237552316351558
118,62,75.7825635750726,26.8389915657098,4.0,63,577753.9072187889,2968842.026235748,8874,9449,10631,11049,13852,13704,12577,0.112565760411228,2.545235469509445,2.372913340107409
119,145,75.8723619868803,26.8920696552196,1.0,146,586636.0284931592,2974779.3890576647,7832,8174,9113,8824,15463,11824,9817,0.2733561164408932,2.408284505208324,2.2683695532671155
120,251,75.7586799737302,26.93225102618,3.0,252,575318.940363708,2979157.3295267806,8879,9221,10608,10324,19841,16481,12712,0.3154980938173369,1.8490919242011168,1.7118000110126046
121,200,75.7524221852833,26.8979952751796,4.0,201,574720.2257249209,2975359.330232745,8883,9730,11189,11831,13801,14762,13427,0.076857053682896,2.51796718687474,0.0336449252529495
122,82,75.777446115455,26.8371535405315,4.0,83,577246.6755165487,2968635.316039748,8966,9829,11335,11974,14407,14582,13296,0.0922254652969937,2.4265402843601804,0.0060367725689054
123,95,75.6801579844409,26.8093434769907,2.0,96,567596.3836657666,2965499.5284140813,8015,8428,9419,9559,13006,12714,11151,0.1527586970972738,2.762497212931984,2.5367029548989017
124,265,75.7726835445478,26.9903306348659,4.0,266,576669.8757136718,2985598.907762766,9311,9901,11271,11895,13050,13768,13426,0.046301864101022,2.621479379959695,0.0267730628682227
125,242,75.7613709997911,26.9232621537879,1.0,243,575592.0968172137,2978163.292470823,7985,8266,9013,8842,14418,12327,10246,0.2397248495270841,2.566301054159009,2.372219106375015
126,74,75.7800166036051,26.8385984787181,2.0,75,577501.1036580071,2968796.928695905,9991,10313,11780,12253,13159,11742,11001,0.0356524476625215,2.572557039175578,2.5749568290430003
127,178,75.7537340730761,26.8911606150005,4.0,179,574855.0139902674,2974603.075828827,8647,9495,11139,11702,13592,14065,12696,0.0747212777733847,2.550766244793973,0.0171023610659145
128,80,75.7776495999277,26.8364770921494,4.0,81,577267.3534984731,2968560.5146544995,9137,9964,11495,12270,13939,14637,13772,0.0636804151245752,2.480616497601626,0.0244260918253078
129,255,75.7867375816705,26.9843530198326,4.0,256,578068.5713343803,2984945.409653165,9747,10723,12405,13158,13788,16759,17198,0.0233800935203739,2.4492421639369204,0.0972599600615441
130,225,75.7489314628697,26.8948531663053,4.0,226,574375.6214859791,2975009.2453053086,7914,9209,11476,12460,13999,15039,14549,0.0581654635473749,2.473523061825309,0.0358151387836626
131,125,75.9016966974639,26.8965705252242,1.0,126,589545.9092327887,2975298.3340059808,8242,8599,9663,10233,14351,13427,12071,0.1675073218353394,2.5338552511035126,2.3260133918928565
132,183,75.7521561381085,26.896362295969,4.0,184,574694.8789132761,2975178.2991777267,9450,10221,11441,12131,14050,14438,13989,0.0732974294335584,2.468596759640648,0.0136197697276045
133,215,75.7498396928801,26.8989080922103,4.0,216,574463.1606989398,2975458.915651829,9071,9726,10971,11629,14794,13864,12523,0.1197820080990042,2.395226081894033,2.2543792309302737
134,132,75.9040643758134,26.8890728771175,4.0,133,589786.9785730278,2974469.528012879,9894,10516,12097,12939,14889,15662,14050,0.0700733074601118,2.325057437189645,0.0253019541095217
135,5,75.8261635319702,26.9334758155231,2.0,6,582017.8367197503,2979334.9653314976,7021,7619,8986,8529,10189,9059,8706,0.0886846885350994,3.3550456323337507,3.3461138819617453
136,137,75.891811375511,26.888402587087,4.0,138,588570.5380130336,2974386.656641404,8837,9606,10842,11933,13916,14035,12869,0.0767147665286855,2.522901688343152,0.0042574505384422
137,10,75.8443145951973,26.953817567225,2.0,11,583804.8243457709,2981600.02840788,7328,7629,8272,8122,8186,7960,7805,0.00392445425558,0.0052254222870336,4.044964697138585
138,165,75.8663346482432,26.892661922235,4.0,166,586036.965392322,2974840.882980253,8043,8686,10115,10552,13761,13686,12701,0.1319870028379873,2.5921427374769537,2.384996538783829
139,63,75.786587705228,26.8422166185914,4.0,64,578151.5370885348,2969201.7146660336,9087,9655,10349,10676,14562,15419,14031,0.1539741659402482,2.461683593593182,0.0285847703545577
140,140,75.8915206397748,26.8955619545909,3.0,141,588536.080501473,2975179.464179649,10057,10773,12681,14343,16043,18118,17420,0.0559468176133744,2.164531402311648,0.0607417815637713
141,252,75.7597366593562,26.9292077715771,3.0,253,575425.8723502158,2978820.876458338,8609,9018,10332,10435,18022,15135,12397,0.266612784200723,2.040135430627065,1.8894652712850923
142,115,75.9219285807168,26.9263334424379,3.0,116,591531.1922244313,2978609.5298619,8959,9608,11127,12148,17043,18819,16172,0.1676886711657697,2.1164359247426265,0.0495231721599463
143,96,75.6857762749152,26.7998356008034,2.0,97,568160.4484126417,2964449.429847253,9229,9827,11315,11844,14144,15293,14513,0.0885023857164842,2.4630582505204357,0.0390325101063286
144,124,75.9059767314034,26.8938082338165,1.0,125,589973.1616035,2974995.400240904,7657,8097,9051,8919,14340,12267,10152,0.2330710692635099,2.575648753794184,2.3851993836208427
145,190,75.7553028340031,26.8965090806172,3.0,191,575007.2837581583,2975196.4173556063,8645,9060,10492,11359,14253,15634,15033,0.1129939091051065,2.496463932107486,0.0462073811356106
146,176,75.7561376716894,26.8961604670778,4.0,177,575090.4228556346,2975158.2984949504,8646,9511,11011,11691,13646,14505,12954,0.0771598847535222,2.551040272539228,0.0305140137117685
147,185,75.755174397436,26.8920871930919,3.0,186,574997.4488745487,2974706.558599693,8093,8536,9903,9782,18332,12799,10730,0.3041189442982133,2.022560651673448,1.9274356750505863
148,298,75.8727521615344,26.9214616985176,1.0,299,586652.335677771,2978035.2767224587,8241,8534,9279,9453,13559,13692,11491,0.178428645923865,2.6821963394342645,0.0048805548420241
149,135,75.8986436653117,26.887766602664,4.0,136,589249.6218204116,2974321.006965542,9067,9683,10790,11303,14072,13696,12610,0.1091231527093591,2.50398198053253,2.346585998271383
150,14,75.8082244727911,26.9054741596554,3.0,15,580256.6651878546,2976221.8697877,8380,8610,9637,9302,17076,14427,11264,0.2947152930472352,2.174858683038213,1.9962225819763133
151,70,75.7804675131625,26.835191606507,2.0,71,577548.2276160755,2968419.849566009,8583,9120,9930,10135,11998,10917,10331,0.0841729544119636,2.894381612550151,2.812786384464313
152,291,75.8268220516174,26.9608636709845,1.0,292,582063.3743283923,2982369.01419281,8769,8865,9168,9531,13767,14324,11865,0.181818181818181,2.6569435360802154,0.019828414794774
153,171,75.7578990874671,26.8934449510872,2.0,172,575267.1512399733,2974858.5645558937,8024,8542,9462,9682,10311,10823,10309,0.0314610113539737,3.271481312901415,0.0242263650988926
154,256,75.7839480279883,26.9808992867022,4.0,257,577794.1265839793,2984561.1348948576,10921,11863,13297,13851,14185,18503,18722,0.0119132543872163,2.352376100720463,0.1320974057758194
155,127,75.9020457782462,26.8950224278419,4.0,128,589581.7988805933,2975127.104755603,8378,9195,10647,11176,12891,13687,12855,0.0712594008393232,2.6889285410824937,0.0299495823613513
156,239,75.7569892767285,26.9252346336232,1.0,240,575155.7388068464,2978379.1614340898,8062,8305,9109,8831,14371,11500,9600,0.2387725196103774,2.5670357751277577,2.422210196745381
157,280,75.8521865088999,26.985522109305,2.0,281,584562.5172110205,2985117.057190184,8076,8495,9621,10080,11941,11236,10678,0.0845102402252391,2.9318245060754897,2.797212754023373
158,47,75.7841355611196,26.8415823873104,3.0,48,577908.3289976951,2969129.9573068023,8306,8439,9539,8928,20182,11901,9832,0.3866025420817575,1.8469432387873832,1.7845899697659142
159,281,75.853471693622,26.9848565672168,2.0,282,584690.5500702072,2985044.199043264,7439,7798,8446,8305,8639,8495,8183,0.0197119924457033,3.8245829675153424,3.816505194350393
160,13,75.8076510062699,26.9057119384569,3.0,14,580199.5497233024,2976247.843771131,8615,8892,10193,9827,19972,15638,11990,0.3404476660290602,1.8484004641140332,1.7186745296265045
161,162,75.8652836343067,26.8938039194676,4.0,163,585931.7187755074,2974966.662826068,8700,9420,10593,11132,13807,13913,12673,0.1072617185933673,2.554180327868842,0.0038239538239538
162,243,75.7577500903793,26.917175644582,1.0,244,575236.6222476539,2977486.970028887,7888,8206,9230,8800,15150,11916,9843,0.2651356993736941,2.4452830188679147,2.301854725485841
163,267,75.7864453427133,26.9914995906946,4.0,268,578034.6400847769,2985736.8202681374,8356,8754,9786,10091,11356,13774,11634,0.0589826082902034,3.0255415760098243,0.0962196577795459
164,216,75.7481654304872,26.8993530331749,4.0,217,574296.6005410419,2975507.2153366767,8704,9627,10791,11562,13355,13692,12978,0.0719589035598183,2.607968193489594,0.0124597922135541
165,290,75.8408109175819,26.9842561635141,1.0,291,583434.6020815193,2984969.265026283,8614,8780,9288,9725,13849,14362,12012,0.1749384915584959,2.635389203440366,0.0181843961575271
166,250,75.7545659443595,26.9337022077731,3.0,251,574909.5418001723,2979315.6248508915,8694,9041,10354,10524,16817,15612,13035,0.2301671482389077,2.1741194656067053,1.9837491134478336
167,263,75.7724178727685,26.9756389854729,4.0,264,576653.4679361649,2983971.4274295284,8435,9141,10140,10662,11983,12616,12224,0.058335173327445,2.879039913212481,0.0257327533639577
168,114,75.9220436385104,26.9173972871339,3.0,115,591549.8288874876,2977619.786521632,7881,8281,9801,9289,18572,11713,9817,0.3331897634686467,2.0006696507242734,1.9374938088162397
169,32,75.81432248514,26.8708222703612,1.0,33,580886.8939977901,2972387.564743502,8061,8350,9083,8819,15540,11767,9638,0.2759144464058448,2.3993420785444406,2.261801003405712
170,91,75.7670271604966,26.8258677142215,3.0,92,576218.9698740209,2967378.9702583053,7779,8022,9098,8544,20963,12105,9816,0.4208831802623092,1.7854030138717882,1.7139833071247077
171,150,75.8771681715641,26.8900257619435,4.0,151,587114.9302742225,2974556.293358416,9208,9759,11202,11812,14103,14487,13641,0.0884043989967197,2.475202529144428,0.0134312696747113
172,248,75.7507336978224,26.9291514150103,3.0,249,574532.0740871459,2978809.2979639773,9112,9498,11155,11124,20357,17102,13739,0.2932880149931696,1.787699923838532,1.662644491310495
173,143,75.8746487189614,26.8917357518626,1.0,144,586863.3943427457,2974743.970407484,7809,8098,9090,8672,16007,11849,9697,0.2972162567364954,2.33569749372434,2.2034032165422093
174,102,75.9344315276227,26.9279826041463,2.0,103,592771.2292615643,2978801.309840532,7278,7542,8044,7923,8067,7911,7776,0.0090056285178235,4.066352181739159,4.091876329953661
175,54,75.785589438471,26.8465383049971,3.0,55,578049.3864788484,2969679.782971314,8524,8944,10173,10566,15995,15083,12800,0.2043974247957524,2.2819474166921343,2.079413089645402
176,139,75.8964994892572,26.8943263277121,3.0,140,589031.518130283,2975046.0896775858,9126,9355,9900,10542,13643,16400,14008,0.1282199710564394,2.624686743405672,0.0917684651998798
177,93,75.6944738207457,26.8046975829446,2.0,94,569021.9937644425,2964992.6427226136,6904,7475,8342,8222,8961,8054,7856,0.0430076238142347,3.751777148471342,3.798354393182464
178,52,75.7818008675627,26.8459440193644,3.0,53,577673.3784473842,2969611.632879429,8378,8603,9568,9528,14598,12567,10906,0.2101467296692356,2.5037656211205723,2.337750782256572
179,7,75.8466938995474,26.9599407769495,2.0,8,584036.4552296312,2982279.849849759,7306,7608,8274,8161,8315,7989,7790,0.0093469288662296,3.9480981373198873,3.999631992149141
180,261,75.7743041424013,26.9800757041865,4.0,262,576837.6519669835,2984464.006114081,8437,9002,10161,10607,12182,12475,12196,0.0691122910175959,2.842724790762195,0.0118830352435413
181,99,75.6937715344364,26.8004298430651,2.0,100,568954.7743215015,2964519.5624318947,7214,7633,8516,8243,8747,8014,7829,0.0296645085344318,3.7829461854833824,3.8662967603364726
182,304,75.8429092474766,26.861620438558,1.0,305,583733.322183085,2971386.893746457,8292,8593,9390,9458,14933,14108,11571,0.2244680414907129,2.4665131768285065,2.2282634895492506
183,286,75.8324175980032,26.9736867981187,1.0,287,582609.4055674484,2983793.0220388486,8596,8693,9030,9191,13110,13130,11274,0.1757320299538129,2.7757904245709,0.0007621951219512
184,149,75.8753165256754,26.890592385822,4.0,150,586930.5940101859,2974617.783420575,8860,9640,10891,11693,14454,14604,13545,0.1055952881783757,2.445176563424729,0.0051620896138756
185,58,75.7852022547031,26.8415900040387,3.0,59,578014.3098080617,2969131.456381261,8504,8774,10049,9796,19882,14700,11998,0.3398476986319821,1.86104707493902,1.7452431900988905
186,276,75.8432184133954,27.0106326850211,2.0,277,583653.9906300055,2987892.486896714,7834,8052,8517,8395,8399,8138,7895,0.0002381803024889,0.0069756443603688,3.947209288262661
187,198,75.750110327075,26.898435629124,4.0,199,574490.3470354956,2975406.743272205,8627,9428,10987,11507,14196,14564,13212,0.1046181379605489,2.474963268871848,0.0127955493741306
188,254,75.7570456332952,26.9256432187319,1.0,255,575161.0634222069,2978424.451340916,8040,8310,9156,8898,14144,11767,9826,0.2276712090964316,2.598626609442049,2.4375361815445085
189,163,75.8649197011227,26.8938509797931,4.0,164,585895.5391718326,2974971.6285896813,8773,9535,10769,11655,13297,13816,13086,0.0658063481885217,2.618133466300995,0.0191421089514254
190,12,75.8050774004187,26.9021732304114,3.0,13,579946.4735808285,2975854.253885406,9026,9071,10052,9589,20044,15671,11902,0.3528161171666711,1.8455608718766556,1.712529749405007
191,110,75.9458222491904,26.9276374307655,3.0,111,593902.4571821487,2978771.4806175213,7654,7945,9063,8452,20437,11896,9415,0.4148637889854256,1.8359999999999936,1.7627501314446488
192,283,75.8187355789181,26.9724345724357,1.0,284,581252.4411485142,2983645.4434974906,8416,8505,8820,8962,12646,12305,10458,0.1704924102184368,2.8747787198360064,2.612921325798555
193,4,75.8242907465778,26.9329321036349,2.0,5,581832.2997724467,2979273.528039676,7293,7714,8902,8389,8426,8108,8002,0.0022004162949747,0.0274699907663895,3.944478045240088
194,107,75.9302894470526,26.9148660156745,2.0,108,592370.6598300014,2977345.398437126,7285,7520,8071,7901,8032,7882,7752,0.0082219293290654,0.0024219089610631,4.108709312554957
195,46,75.7841143366328,26.8435881013207,3.0,47,577904.8472275215,2969352.103005276,8728,8941,10133,9911,19946,14883,11931,0.3361020866128535,1.8525549386615183,1.7362829825719894
196,111,75.9463975381584,26.9219228936827,3.0,112,593964.3105736886,2978138.925692432,9521,10302,12353,14406,18014,19110,17194,0.1112893275755703,1.971712714459769,0.0295226807456092
197,113,75.9442497926777,26.9094199467768,3.0,114,593761.390139733,2976752.420863271,7610,7893,8946,8461,18256,11663,9454,0.3666205037990779,2.0669803690905004,1.9700858985928609
198,11,75.8495280709057,26.9563368306545,2.0,12,584320.4493824439,2981882.5439735856,7509,7760,8312,8136,8172,7851,7690,0.0022075055187637,0.0084930842028633,4.070086750296423
199,228,75.7472709615376,26.8951788447434,4.0,229,574210.5003822426,2975044.344420163,8760,9291,10514,10771,14859,14367,12988,0.1595005852516576,2.411658061719141,2.2255525901594395
200,296,75.8701875361076,26.9307098932386,1.0,297,586390.6460300253,2979057.905037468,8256,8501,9267,9251,13983,13575,11335,0.203667039683222,2.615913978494613,2.363306480876688
201,174,75.7573853411986,26.892178933497,2.0,175,575216.9677000213,2974718.031103777,8186,8656,9462,9604,10006,10299,9953,0.0204997450280468,3.3384014793507126,0.0144299433637034
202,235,75.7488718316064,26.8940091545785,3.0,236,574370.2521123434,2974915.724873382,9057,9585,11008,11947,15994,16315,14710,0.1448409147847244,2.242426486926886,0.0099353121421275
203,118,75.9039733112615,26.8954777506014,1.0,119,589772.8708590405,2975178.90382932,7903,8255,9080,9013,13869,12282,10318,0.212219211607376,2.647043444158776,2.445374937860876
204,100,75.6827510415829,26.803833230564,2.0,101,567857.3776739886,2964890.59128333,7935,8297,9158,9344,11697,11626,10274,0.1118292856803378,3.0207144569647424,2.806885906615775
205,297,75.8698766724195,26.9360722918584,1.0,298,586355.6976760407,2979651.6627770443,8106,8378,8914,9040,12801,12462,10676,0.1721990751339216,2.839005295878412,2.580730712900279
206,134,75.8966085151583,26.8888932036418,4.0,135,589046.6059534196,2974444.363256903,9561,10163,11254,11471,14512,14812,13769,0.1170380633491124,2.417061243499176,0.0102305278952393
207,169,75.8633901188412,26.8934798383203,4.0,170,585743.9090988456,2974929.482637554,8498,9134,10203,10719,12537,13593,12796,0.0781733746130027,2.7793315743183697,0.0404133180252581
208,294,75.8059164685925,26.9769508668437,1.0,295,579977.0130120588,2984137.5105234096,9021,9247,9828,10559,14953,16028,13614,0.172232674819692,2.437795084944101,0.0346986862915979
209,301,75.850059112303,26.870946349201,1.0,302,584436.6834936222,2972424.614108642,8060,8343,9122,9032,14243,12465,10232,0.2238882921589679,2.5857051144874705,2.387224801557577
210,240,75.7564538893447,26.922332270437,1.0,241,575104.5043744957,2978057.366913641,8126,8346,9079,8927,13804,11661,9824,0.2145528133386115,2.657474981427249,2.4894168466522584
211,37,75.7799861739344,26.8412746322507,2.0,38,577496.2580842806,2969093.3283950016,8558,8825,9312,9472,10261,9947,9410,0.0399837835098563,3.299800745925493,3.2275336500395726
212,146,75.8763384723134,26.8910780634322,4.0,147,587031.7194546266,2974672.281376269,8950,9420,10217,10553,12699,14143,13123,0.0922931360743158,2.7515273171583057,0.0537962893972131
213,53,75.78549392828,26.8442778971443,3.0,54,578041.4471874015,2969429.354702413,8331,8568,9379,9191,15019,12027,10146,0.2407269723254843,2.4549553242068924,2.312504621755519
214,289,75.8099576965378,26.9835567202159,1.0,290,580373.3765000522,2984871.776448962,8187,8484,9217,9302,13842,13920,11688,0.1961631524369158,2.641528253610293,0.002809595850443
215,121,75.9009681810487,26.888572022082,1.0,122,589479.8600528215,2974411.859590258,7802,8165,8952,8844,13510,11962,10105,0.20873221794757,2.7147181907220967,2.512091708542704
216,24,75.8049934784888,26.9076701168219,4.0,25,579934.2683800401,2976463.059162655,9117,9634,10572,10628,15203,14044,12219,0.1771127714761326,2.362948593598439,2.2011488357780213
217,284,75.8153936777878,26.9765128246624,1.0,285,580917.8567837485,2984095.02754628,8214,8351,8647,8771,13027,11939,10051,0.1952472703917782,2.8216296022884437,2.581430745814297
218,299,75.874617343663,26.9339739619637,1.0,300,586827.9495958035,2979422.4854248497,8112,8291,8858,8884,12858,12124,10308,0.1827798730567557,2.833671025971621,2.593947642302448
219,182,75.7524221852833,26.8965732989007,4.0,183,574721.1614918575,2975201.827493504,9117,9809,11008,11656,12791,13700,13462,0.046426964453716,2.6788100340350325,0.034313540447699
220,142,75.8733940518019,26.8936784623032,1.0,143,586737.3008719803,2974958.2952226438,7946,8246,9124,8919,14578,11911,9978,0.2408392560752426,2.5348915703316077,2.373400279361236
221,288,75.8262780401632,26.9854219023445,1.0,289,581991.5837360331,2985088.868340622,7911,8083,8480,8521,12012,11039,9512,0.1700189938148338,3.02576615264492,2.8008763177302383
222,161,75.8658420835028,26.8934744971889,4.0,162,585987.430575302,2974930.553377436,8860,9473,10587,11053,13192,13291,12539,0.0882243761600326,2.6464948063417197,0.0037382471774345
223,292,75.8326507457693,26.9494394304467,1.0,293,582650.2418191388,2981107.401975657,7796,8020,8429,8467,11232,10379,9124,0.1403624549469509,3.190732923045607,2.9930590902780856
224,122,75.906963264049,26.8902870711429,1.0,123,590073.9324469258,2974606.077205299,7910,8258,9077,8848,14543,11930,9860,0.2434697105724413,2.543183742591014,2.37687455142975
225,295,75.8098022646938,26.9727542070544,1.0,296,580365.6246338135,2983675.132697913,9126,9267,9763,10383,15650,16663,13628,0.2023201321399754,2.3471845118639973,0.0313496116114256
226,75,75.7798412498884,26.8390076373905,2.0,76,577483.4016659688,2968842.1411661026,8831,9244,10468,10848,13868,12965,12139,0.1221880563197923,2.5532544378698123,2.408713151716161
